id;metadata_details_json;asset_id
1;against apud;cd79ea26-0e5b-4b54-a7ea-8867bb28a48c
2;inquisitively;5cf7d92c-cf38-4b85-ad1d-c9e317e4a92a
3;ha;529bfe35-d15d-4b37-b52d-eb1d58724193
4;too including quince;22c296b4-5a06-4498-ab8b-39e08b7493aa
5;gah;0e262fba-15a5-49c8-9b48-e00ce1490705
6;furthermore defrock abjure;e9f4f2c7-da65-4b04-8d79-0cb6dbf63999
7;clean background;9b525432-d688-46d1-b2e8-67749b4b0ef0
8;for;7c34dbc5-df7e-459f-91be-9c03c387ba8a
9;whoever;7cc9450a-4e0b-403c-8554-3d077ce5416b
10;rapidly form;3b9721f3-5236-4cd7-b8eb-0336a23b6ddb
