id;acronym;company_name;representative_last_name;representative_first_name;job_title;street_address;house_number;location_name;city;state_province;zip_postal_code;country_region;web_page;point_location;point_location_content_type;main_email;land_phone_number;mobile_phone_number;fax_number;extra_details
1;cede;following really shield;huzzah;energetically nor;Senior Implementation Developer;crooked nor suspicious;while;grizzled ugh;North Marc;amazing fumble zowie;complex glare;mix whoever;../fake-data/blob/hipster.txt;../fake-data/blob/hipster.png;image/png;"xG0@uI.Gb9";marvelous;ugh viciously b;required becaus;../fake-data/blob/hipster.txt
2;atop;within beneath retry;duh till deeply;blah phew hm;Corporate Brand Officer;sedately hmph gah;perfect;snowplow blank;Harleyfurt;clef troop;logo;multicolored who;../fake-data/blob/hipster.txt;../fake-data/blob/hipster.png;image/png;"rK~`@~l.Y";number;shelter;functional hm t;../fake-data/blob/hipster.txt
3;venture;able stimulating;average ouch orderly;blot;Direct Quality Director;whoever;duh pfft;cheerfully squeaky;East Tristianchester;runny word justly;whereas gestate;yowza likewise for;../fake-data/blob/hipster.txt;../fake-data/blob/hipster.png;image/png;"j@[.=";across oak gah;forestry;oh acclaimed ti;../fake-data/blob/hipster.txt
4;slice er faithfully;calculate;whose;innocently;Regional Division Executive;about rhetoric;yet against bobble;transplantation of colorless;South Maxwellmouth;modeling hm besides;greatly yippee;irrupt;../fake-data/blob/hipster.txt;../fake-data/blob/hipster.png;image/png;"ZYdE#$@`q=0ya.$k>]";bravely gah;typhoon finally;wisely via;../fake-data/blob/hipster.txt
5;meanwhile gleefully joshingly;besides disseminate shadow;mid ick abide;so hold;Legacy Interactions Agent;exactly gadzooks;duster;wordy toward lively;Sheaton;cold upward;eyebrows really;at;../fake-data/blob/hipster.txt;../fake-data/blob/hipster.png;image/png;"H@9.z4pB";hmph humongous ;ajar;busily awkwardl;../fake-data/blob/hipster.txt
6;thoroughly scared within;next sadly optimistically;plush;inasmuch and;Senior Integration Liaison;roughly;versus nightgown out;down intentional export;Priceborough;zowie foolhardy;compliance;shocked;../fake-data/blob/hipster.txt;../fake-data/blob/hipster.png;image/png;"w4V@kVp6f..=H}~";before;yuck aw;worriedly onto ;../fake-data/blob/hipster.txt
7;sequester not;aX;punctually;guarantee for;Customer Infrastructure Analyst;tankful quicker fantasy;next;anteater;South Alexandre;cruise vice limply;apropos than co;thorough ruins unnatural;../fake-data/blob/hipster.txt;../fake-data/blob/hipster.png;image/png;"|`V's3@V*g.98";apud;vacantly sea op;engineering yum;../fake-data/blob/hipster.txt
8;rectangular squeaky;cirrus;constitute deceivingly likewise;gliding intently;Forward Optimization Developer;yippee for gleefully;um;likewise kissingly ha;Alafaya;joyfully;dependent certa;squelch tragic metro;../fake-data/blob/hipster.txt;../fake-data/blob/hipster.png;image/png;"wNZ+s@6]S*.JZ+8";atmosphere dial;dish hence cons;determined till;../fake-data/blob/hipster.txt
9;between spend;along;overlap;yuck;Internal Directives Representative;watch hush;prohibition;ill-fated apud;East Kolbyfort;knot;fast stalk hm;expatiate jovially lest;../fake-data/blob/hipster.txt;../fake-data/blob/hipster.png;image/png;"Fk~LT[@e2.*;nv2d";ally off health;incredible geez;uh-huh;../fake-data/blob/hipster.txt
10;fuzzy information;huzzah whereas;adjudicate;yuppify gee military;Forward Paradigm Producer;expert famous thorough;and unless noun;baggy deliberately ha;West Mable;unlike boo;anxiously;over ick prosperity;../fake-data/blob/hipster.txt;../fake-data/blob/hipster.png;image/png;"8@9&.oUVW";jubilantly room;merry;how doorbell qu;../fake-data/blob/hipster.txt
